{"result":{"status":"success"},"favicon":{"package_url":"https://realfavicongenerator.net/files/86897c7ef12faa2837a4dc5b86c200e9e89cf31b/favicons.zip","files_urls":["https://realfavicongenerator.net/files/86897c7ef12faa2837a4dc5b86c200e9e89cf31b/package_files/android-chrome-144x144.png","https://realfavicongenerator.net/files/86897c7ef12faa2837a4dc5b86c200e9e89cf31b/package_files/android-chrome-192x192.png","https://realfavicongenerator.net/files/86897c7ef12faa2837a4dc5b86c200e9e89cf31b/package_files/android-chrome-36x36.png","https://realfavicongenerator.net/files/86897c7ef12faa2837a4dc5b86c200e9e89cf31b/package_files/android-chrome-48x48.png","https://realfavicongenerator.net/files/86897c7ef12faa2837a4dc5b86c200e9e89cf31b/package_files/android-chrome-72x72.png","https://realfavicongenerator.net/files/86897c7ef12faa2837a4dc5b86c200e9e89cf31b/package_files/android-chrome-96x96.png","https://realfavicongenerator.net/files/86897c7ef12faa2837a4dc5b86c200e9e89cf31b/package_files/apple-touch-icon-114x114.png","https://realfavicongenerator.net/files/86897c7ef12faa2837a4dc5b86c200e9e89cf31b/package_files/apple-touch-icon-120x120.png","https://realfavicongenerator.net/files/86897c7ef12faa2837a4dc5b86c200e9e89cf31b/package_files/apple-touch-icon-144x144.png","https://realfavicongenerator.net/files/86897c7ef12faa2837a4dc5b86c200e9e89cf31b/package_files/apple-touch-icon-152x152.png","https://realfavicongenerator.net/files/86897c7ef12faa2837a4dc5b86c200e9e89cf31b/package_files/apple-touch-icon-180x180.png","https://realfavicongenerator.net/files/86897c7ef12faa2837a4dc5b86c200e9e89cf31b/package_files/apple-touch-icon-57x57.png","https://realfavicongenerator.net/files/86897c7ef12faa2837a4dc5b86c200e9e89cf31b/package_files/apple-touch-icon-60x60.png","https://realfavicongenerator.net/files/86897c7ef12faa2837a4dc5b86c200e9e89cf31b/package_files/apple-touch-icon-72x72.png","https://realfavicongenerator.net/files/86897c7ef12faa2837a4dc5b86c200e9e89cf31b/package_files/apple-touch-icon-76x76.png","https://realfavicongenerator.net/files/86897c7ef12faa2837a4dc5b86c200e9e89cf31b/package_files/apple-touch-icon-precomposed.png","https://realfavicongenerator.net/files/86897c7ef12faa2837a4dc5b86c200e9e89cf31b/package_files/apple-touch-icon.png","https://realfavicongenerator.net/files/86897c7ef12faa2837a4dc5b86c200e9e89cf31b/package_files/browserconfig.xml","https://realfavicongenerator.net/files/86897c7ef12faa2837a4dc5b86c200e9e89cf31b/package_files/favicon-16x16.png","https://realfavicongenerator.net/files/86897c7ef12faa2837a4dc5b86c200e9e89cf31b/package_files/favicon-194x194.png","https://realfavicongenerator.net/files/86897c7ef12faa2837a4dc5b86c200e9e89cf31b/package_files/favicon-32x32.png","https://realfavicongenerator.net/files/86897c7ef12faa2837a4dc5b86c200e9e89cf31b/package_files/favicon-96x96.png","https://realfavicongenerator.net/files/86897c7ef12faa2837a4dc5b86c200e9e89cf31b/package_files/favicon.ico","https://realfavicongenerator.net/files/86897c7ef12faa2837a4dc5b86c200e9e89cf31b/package_files/manifest.json","https://realfavicongenerator.net/files/86897c7ef12faa2837a4dc5b86c200e9e89cf31b/package_files/mstile-144x144.png","https://realfavicongenerator.net/files/86897c7ef12faa2837a4dc5b86c200e9e89cf31b/package_files/mstile-150x150.png","https://realfavicongenerator.net/files/86897c7ef12faa2837a4dc5b86c200e9e89cf31b/package_files/mstile-310x150.png","https://realfavicongenerator.net/files/86897c7ef12faa2837a4dc5b86c200e9e89cf31b/package_files/mstile-310x310.png","https://realfavicongenerator.net/files/86897c7ef12faa2837a4dc5b86c200e9e89cf31b/package_files/mstile-70x70.png","https://realfavicongenerator.net/files/86897c7ef12faa2837a4dc5b86c200e9e89cf31b/package_files/safari-pinned-tab.svg"],"html_code":"<link rel=\"apple-touch-icon\" sizes=\"57x57\" href=\"/apple-touch-icon-57x57.png\">\n<link rel=\"apple-touch-icon\" sizes=\"60x60\" href=\"/apple-touch-icon-60x60.png\">\n<link rel=\"apple-touch-icon\" sizes=\"72x72\" href=\"/apple-touch-icon-72x72.png\">\n<link rel=\"apple-touch-icon\" sizes=\"76x76\" href=\"/apple-touch-icon-76x76.png\">\n<link rel=\"apple-touch-icon\" sizes=\"114x114\" href=\"/apple-touch-icon-114x114.png\">\n<link rel=\"apple-touch-icon\" sizes=\"120x120\" href=\"/apple-touch-icon-120x120.png\">\n<link rel=\"apple-touch-icon\" sizes=\"144x144\" href=\"/apple-touch-icon-144x144.png\">\n<link rel=\"apple-touch-icon\" sizes=\"152x152\" href=\"/apple-touch-icon-152x152.png\">\n<link rel=\"apple-touch-icon\" sizes=\"180x180\" href=\"/apple-touch-icon-180x180.png\">\n<link rel=\"icon\" type=\"image/png\" href=\"/favicon-32x32.png\" sizes=\"32x32\">\n<link rel=\"icon\" type=\"image/png\" href=\"/favicon-194x194.png\" sizes=\"194x194\">\n<link rel=\"icon\" type=\"image/png\" href=\"/favicon-96x96.png\" sizes=\"96x96\">\n<link rel=\"icon\" type=\"image/png\" href=\"/android-chrome-192x192.png\" sizes=\"192x192\">\n<link rel=\"icon\" type=\"image/png\" href=\"/favicon-16x16.png\" sizes=\"16x16\">\n<link rel=\"manifest\" href=\"/manifest.json\">\n<link rel=\"mask-icon\" href=\"/safari-pinned-tab.svg\" color=\"#5bbad5\">\n<meta name=\"msapplication-TileColor\" content=\"#da532c\">\n<meta name=\"msapplication-TileImage\" content=\"/mstile-144x144.png\">\n<meta name=\"theme-color\" content=\"#ffffff\">","compression":"true"},"files_location":{"type":"path","path":"/"},"preview_picture_url":"https://realfavicongenerator.net/files/86897c7ef12faa2837a4dc5b86c200e9e89cf31b/favicon_preview.png","version":"0.12"}